"FAKE_ACCTCODE","OPT_IN_DATE","FUEL_ONLY_PARENT_ACCT","CLI_AMOUNT","FLEETCOR_OPEN_DATE","CITY","STATE","ZIP","TERM_DAYS","DUE_DAYS","LOCK_DAYS","CREDIT_LIMIT","LOCK_CODE","LOCK_REASON","LOCK_TYPE","DEPOSIT_FLAG","PORTFOLIO","LOB_REPORTING","FUEL_SPEND","NONFUEL_SPEND","TOT_SPEND","PAYMENT_AMOUNT","NO_OF_PAYMENT","NSF_AMT","NSF_PMTS","PAYDEX","VANTAGE_SCORE","FUEL_NUM_TRX","NONFUEL_NUM_TRX","FUEL_TRX_AMT","NONFUEL_TRX_AMT","SEGMENT_SCORE","TOT_NET_REV","WO_AMOUNT","TOT_TRX_AMT","TOT_NUM_TRX","PerformanceLabel","PredictedRisk"
111111,2021-09-11,"0",11000,2019-11-09 09:33:18,"LA SALLE","IL","61301",30,21,10,8500,"Z","UNLOCKED","UNLOCKED",0,"FMMC","NAL MC",26637.54,5887.17,32524.71,33266.79,13,0,0,63.5714285714286,0,277,36,26637.54,5887.17,21.0909090909091,1338.170689,0,32524.71,313,"High","High"
111114,2022-07-08,"0",6000,2019-11-09 09:33:18,"CLEBURNE","TX","76031",7,7,3,7200,"G","OVERDUE","PERM LOCK",0,"FMMC","NAL MC",54261.86,1865.14,56127,64415.5,28,0,0,0,721,148,6,54261.86,1865.14,45.0909090909091,5710.752486,0,56127,154,"High","High"
111116,2022-01-12,"0",3000,2019-11-09 09:33:18,"PLAINFIELD","NJ","07061",15,13,7,5880,"I","BAD AGENCY","PERM LOCK",0,"FMMC","NAL MC",8705.81,0,8705.81,11842.18,9,0,0,0,0,117,0,8705.81,0,39,3650.011271,6999.5,8705.81,117,"High","High"
111117,2022-08-10,"0",62000,2019-11-09 09:33:18,"TAMARAC","FL","33309",7,7,18,62000,"Z","UNLOCKED","UNLOCKED",0,"FMMC","NAL MC",5527.23,6971.18,12498.41,10219.51,45,0,0,68.6428571428571,825,115,30,5527.23,6971.18,33.3636363636364,1964.382537,0,12498.41,145,"High","High"
111120,2023-04-07,"0",58000,2019-11-09 09:33:18,"HOUSTON","TX","77065",15,13,18,58000,"Z","UNLOCKED","UNLOCKED",0,"FMMC","NAL MC",154562.35,231.71,154794.06,160157.23,27,0,0,79.5,796.8,2421,7,154562.35,231.71,3,3995.406485,0,154794.06,2428,"High","High"
111126,2022-03-24,"0",60000,2019-11-09 09:33:18,"TYLER","TX","75702",30,14,5,75000,"Z","UNLOCKED","UNLOCKED",0,"BPMC","NAP",105350.72,100544.27,205894.99,108386.4,14,0,0,58.8571428571429,0,1526,673,105350.72,100544.27,42.0909090909091,15658.86104596,0,205894.99,2199,"High","High"
111130,2022-10-19,"0",11500,2019-11-09 09:33:18,"ETOBICOKE","ON","M9W6J4",30,15,5,11500,"Z","UNLOCKED","UNLOCKED",0,"HSMC","NAP",4976.02,43444.8,48420.82,53487.98,14,0,0,0,0,77,190,4976.02,43444.8,43.1818181818182,784.05181425,0,48420.82,267,"High","High"
111139,2021-05-21,"0",4000,2019-11-12 08:41:33,"OAK BROOK","IL","60523",15,15,10,4000,"I","BAD AGENCY","PERM LOCK",1,"SWMC","NAP",1615.38,1504.4,3119.78,1821.23,8,0,0,79,0,42,5,1615.38,1504.4,38.1818181818182,610.002588,2096.94,3119.78,47,"High","High"
111143,2022-08-16,"0",4500,2019-11-12 08:41:33,"MENDOCINO","CA","95460",15,14,7,4500,"A","Other","PERM LOCK",0,"ARMC","NAP",2051.11,665.95,2717.06,4094.86,11,0,0,52.1428571428571,0,33,12,2051.11,665.95,14.9090909090909,731.28122,9.19,2717.06,45,"High","High"
111157,2022-09-27,"0",7500,2019-11-12 08:41:33,"HINESVILLE","GA","31313",30,14,10,7500,"P","PAYMENT PLAN","PERM LOCK",0,"BPMC","NAP",315.97,6537.72,6853.69,4318.3,9,0,0,46.2142857142857,0,8,44,315.97,6537.72,51,1365.24574292,0,6853.69,52,"High","High"
111166,2022-01-03,"0",6000,2019-11-13 08:35:52,"DENVER","CO","80239",30,14,10,6000,"A","Other","PERM LOCK",0,"BPMC","NAP",21964.4,3857.61,25822.01,28868.6,17,0,0,80,824.8,363,44,21964.4,3857.61,28.0909090909091,4673.28584219,0,25822.01,407,"High","High"
111178,2022-10-11,"0",62000,2019-11-13 08:35:52,"GASTONIA","NC","28054",30,15,18,62000,"Z","UNLOCKED","UNLOCKED",0,"FMMC","NAL MC",40286.59,2921.96,43208.55,44473.81,13,0,0,79.4285714285714,0,562,24,40286.59,2921.96,16.2727272727273,1957.198708,0,43208.55,586,"High","High"
111181,2022-05-17,"0",52000,2019-11-13 08:35:52,"EL PASO","TX","79907",15,13,18,25000,"Z","UNLOCKED","UNLOCKED",0,"FMMC","NAL MC",46522.51,831.33,47353.84,50361.06,26,0,0,79.6428571428571,0,321,158,46522.51,831.33,4.18181818181818,2560.173626,0,47353.84,479,"High","High"
111184,2021-09-27,"0",127000,2019-11-13 08:35:52,"SUNFIELD","MI","48890",30,14,10,127000,"Z","UNLOCKED","UNLOCKED",0,"SWMC","NAP",170089.57,36,170125.57,210409.9,16,0,0,80,0,2390,4,170089.57,36,3,4756.928674,0,170125.57,2394,"High","High"
111185,2023-05-09,"0",12000,2019-11-13 08:35:52,"TRAVERSE CITY","MI","49696",30,14,10,10000,"Z","UNLOCKED","UNLOCKED",0,"SWMC","NAP",2894.03,9758.46,12652.49,12386.5,16,0,0,0,691.25,57,21,2894.03,9758.46,23.0909090909091,608.910436,0,12652.49,78,"High","High"
111195,2021-10-21,"0",14500,2019-11-14 08:39:30,"THOMASVILLE","NC","27360",7,7,3,13050,"Z","UNLOCKED","UNLOCKED",1,"FMMC","NAL MC",121848.92,38072.24,159921.16,168884.23,58,0,0,34.2857142857143,554.8,2253,230,121848.92,38072.24,46.7272727272727,5749.28353,0,159921.16,2483,"High","High"
111200,2022-02-11,"0",20500,2019-11-14 08:39:30,"VISTA","CA","92083",30,16,7,20500,"Z","UNLOCKED","UNLOCKED",0,"ARMC","NAP",809.18,34526.12,35335.3,39817.18,15,0,0,78.2142857142857,0,7,61,809.18,34526.12,26.5454545454545,2080.602388,0,35335.3,68,"High","High"
111211,2022-05-25,"0",85000,2019-11-14 08:39:30,"INDEPENDENCE","IA","50644",30,14,5,60000,"Z","UNLOCKED","UNLOCKED",0,"CSMC","NAP",26366.27,21890.43,48256.7,54164.81,14,0,0,65.5714285714286,0,342,77,26366.27,21890.43,42.7272727272727,4864.761811,0,48256.7,419,"High","High"
111213,2022-02-03,"0",38000,2019-11-19 08:37:34,"BUENA PARK","CA","90621",15,15,5,42560,"Z","UNLOCKED","UNLOCKED",0,"ARMC","NAP",32829.14,76199.61,109028.75,122906.7,14,0,0,80,0,465,500,32829.14,76199.61,45,8545.405528,0,109028.75,965,"High","High"
111214,2022-05-11,"0",3500,2019-11-15 08:37:29,"HORSESHOE BEND","AR","72512",15,14,10,1750,"Z","UNLOCKED","UNLOCKED",0,"CSMC","NAP",1416.73,919.92,2336.65,3050.61,16,0,0,0,725,49,15,1416.73,919.92,32.9090909090909,1052.04278,0,2336.65,64,"High","High"
111217,2021-06-17,"0",3500,2019-11-15 08:37:29,"NANUET","NY","10954",30,14,5,700,"A","Other","PERM LOCK",0,"BPMC","NAP",3051.18,21386.59,24437.77,23762.78,19,0,0,70.9285714285714,628.6,49,188,3051.18,21386.59,42,1520.35714674,0,24437.77,237,"High","High"
111220,2021-03-10,"0",15500,2019-11-15 08:37:29,"RALEIGH","NC","27603",30,14,5,23250,"Z","UNLOCKED","UNLOCKED",0,"BPMC","NAP",104173.13,7746.76,111919.89,172383.05,24,0,0,68.5,680.6,1329,315,104173.13,7746.76,35.3636363636364,22737.23326886,0,111919.89,1644,"High","High"
111221,2021-04-01,"0",22500,2019-11-15 08:37:29,"MIDDLETOWN","MD","21769",30,14,18,22500,"Z","UNLOCKED","UNLOCKED",0,"BPMC","NAP",5473.63,13501.51,18975.14,20243.6,14,0,0,78,0,73,59,5473.63,13501.51,14.8181818181818,644.59237166,0,18975.14,132,"High","High"
111222,2021-10-19,"0",12000,2019-11-15 08:37:29,"SAINT AUGUSTINE","FL","32080",30,14,10,12000,"I","BAD AGENCY","PERM LOCK",0,"BPMC","NAP",910,82851.32,83761.32,87076.57,8,11921.33,1,75.9285714285714,627.333333333333,7,205,910,82851.32,44.0909090909091,655.18706188,12342.4,83761.32,212,"High","High"
111235,2022-03-22,"0",71000,2019-11-15 08:37:29,"TOMS BROOK","VA","22660",15,13,7,71000,"I","BAD AGENCY","PERM LOCK",0,"FMMC","NAL MC",10015.59,58351.78,68367.37,40000,8,0,0,65.4166666666667,798.5,143,159,10015.59,58351.78,43.3636363636364,17147.429789,57264.13,68367.37,302,"High","High"
111236,2021-05-17,"0",115000,2019-11-15 08:37:29,"ARLETA","CA","91331",30,14,10,15000,"Z","UNLOCKED","UNLOCKED",0,"SWMC","NAP",133059.09,15546.42,148605.51,172279.35,17,0,0,72.0714285714286,0,1833,61,133059.09,15546.42,16,3151.350923,0,148605.51,1894,"High","High"
111241,2022-03-24,"0",80000,2019-11-20 14:04:24,"CHEVY CHASE","MD","20815",15,15,10,80000,"Z","UNLOCKED","UNLOCKED",0,"FMMC","NAL MC",130230.4,12564.84,142795.24,160338.04,15,0,0,79.2142857142857,0,2184,364,130230.4,12564.84,20.6363636363636,9924.010495,0,142795.24,2548,"High","High"
111253,2021-09-14,"0",32500,2019-11-16 09:35:42,"CINCINNATI","OH","45225",30,15,5,32500,"Z","UNLOCKED","UNLOCKED",0,"FMMC","NAL MC",26084.27,6134.76,32219.03,37776.65,14,0,0,67.3571428571429,0,286,38,26084.27,6134.76,42.0909090909091,3044.017584,0,32219.03,324,"High","High"
111256,2021-09-14,"0",58500,2019-11-16 09:35:42,"BRIDGEVILLE","DE","19933",30,15,5,25000,"Z","UNLOCKED","UNLOCKED",0,"FMMC","NAL MC",103240.45,92186.22,195426.67,240013.03,41,0,0,79.3571428571429,0,970,146,103240.45,92186.22,37,20567.929904,0,195426.67,1116,"High","High"
111261,2021-08-17,"0",21000,2019-11-16 09:35:42,"HAMILTON","NJ","08610",7,7,3,25270,"N","NSF","TEMP LOCK",0,"FMMC","NAL MC",374108.09,4430.83,378538.92,414634.88,53,10822.02,1,79.2857142857143,636.4,855,81,374108.09,4430.83,39.9090909090909,23160.081845,0,378538.92,936,"High","High"
111272,2022-03-24,"0",8000,2019-11-19 08:37:34,"NORTHFIELD","MN","55057",30,21,10,11200,"Z","UNLOCKED","UNLOCKED",0,"FMMC","NAL MC",14483.42,11376.07,25859.49,33359.76,14,0,0,80,0,174,32,14483.42,11376.07,33.7272727272727,4186.637967,0,25859.49,206,"High","High"
111275,2021-11-02,"0",22000,2019-11-19 08:37:34,"VISALIA","CA","93292",15,13,5,24060,"Z","UNLOCKED","UNLOCKED",0,"FMMC","NAL MC",85247.33,3248.02,88495.35,122097.44,39,0,0,75.7142857142857,0,821,14,85247.33,3248.02,44.8181818181818,20964.809133,0,88495.35,835,"High","High"
111281,2021-10-09,"0",16000,2019-11-19 08:37:34,"MASON CITY","IA","50402",15,15,10,2000,"Z","UNLOCKED","UNLOCKED",0,"SWMC","NAP",14712.98,5640,20352.98,29481.65,30,0,0,79.9285714285714,0,251,69,14712.98,5640,30.8181818181818,4163.721954,0,20352.98,320,"High","High"
111282,2022-02-10,"0",18500,2019-11-19 08:37:34,"LONDON","KY","40741",15,14,5,18500,"Z","UNLOCKED","UNLOCKED",0,"SWMC","NAP",26081.72,95343.07,121424.79,134684.9,53,0,0,61.8571428571429,0,546,226,26081.72,95343.07,42.4545454545455,6179.951171,0,121424.79,772,"High","High"
111285,2022-06-27,"0",3500,2019-11-20 14:04:24,"SLINGER","WI","53086",15,15,10,810,"Z","UNLOCKED","UNLOCKED",0,"CSMC","NAP",2240.75,139.18,2379.93,4145.15,10,0,0,58,0,41,29,2240.75,139.18,24.8181818181818,1942.837683,0,2379.93,70,"High","High"
111289,2023-09-12,"0",76500,2019-11-21 08:36:42,"LUBBOCK","TX","79403",7,15,7,76500,"Z","UNLOCKED","UNLOCKED",0,"FMMC","NAL MC",433269.56,10994.65,444264.21,499115.75,59,0,0,73.0714285714286,0,3942,191,433269.56,10994.65,18.6363636363636,32540.524364,0,444264.21,4133,"High","High"
111293,2022-03-06,"0",25000,2019-11-21 08:36:42,"CHLOE","WV","25235",7,13,18,20000,"Z","UNLOCKED","UNLOCKED",0,"FMMC","NAL MC",100134.01,17586.42,117720.43,134632.23,37,0,0,77.0714285714286,729.4,816,66,100134.01,17586.42,30.2727272727273,13151.964683,0,117720.43,882,"High","High"
111296,2022-11-16,"0",10500,2019-11-21 08:36:42,"MAPLE","ON","L6A0B4",7,7,5,10500,"G","OVERDUE","PERM LOCK",1,"HSMC","NAP",39470.31,31021.07,70491.38,81346.83,40,9457.13,3,73.0833333333333,0,420,706,39470.31,31021.07,50.5454545454545,725.54615675,0,70491.38,1126,"High","High"
111312,2022-02-16,"0",7000,2019-11-22 08:36:05,"GREER","SC","29650",15,14,10,4500,"Z","UNLOCKED","UNLOCKED",0,"SWMC","NAP",14670.45,0,14670.45,17098.97,27,0,0,67.8571428571429,740.6,318,0,14670.45,0,12,2024.167139,0,14670.45,318,"High","High"
111317,2023-06-26,"0",45000,2020-06-12 08:51:58,"HILLSDALE","IN","47854",7,7,10,45000,"Z","UNLOCKED","UNLOCKED",1,"CSMC","NAP",240812.35,20288.7,261101.05,275907.81,58,0,0,80,0,2162,194,240812.35,20288.7,20,7867.25974,0,261101.05,2356,"High","High"
111323,2022-10-08,"0",26000,2020-06-12 08:51:58,"PORT ST LUCIE","FL","34953",7,7,10,26000,"Z","UNLOCKED","UNLOCKED",0,"FMMC","NAL MC",213066.33,6702.95,219769.28,230208.9,58,0,0,0,809.6,2850,317,213066.33,6702.95,36.2727272727273,6982.280671,0,219769.28,3167,"High","High"
111331,2023-09-01,"0",10000,2020-06-12 08:51:58,"MANSFIELD","OH","44906",7,7,10,12500,"Z","UNLOCKED","UNLOCKED",1,"SWMC","NAP",35217.29,116.97,35334.26,36205.32,53,0,0,72.2857142857143,738,456,4,35217.29,116.97,3,1001.355851,0,35334.26,460,"High","High"
111333,2022-04-01,"0",11500,2020-06-13 09:36:01,"ASHEBORO","NC","27205",7,7,10,11500,"Z","UNLOCKED","UNLOCKED",0,"FMMC","NAL MC",116342.52,3136.16,119478.68,135912.94,55,0,0,78.1428571428571,820.8,1912,45,116342.52,3136.16,30.0909090909091,15365.248407,0,119478.68,1957,"High","High"
111334,2022-01-06,"0",4500,2020-06-13 09:36:01,"HOMER CITY","PA","15748",7,7,5,3380,"Z","UNLOCKED","UNLOCKED",0,"FMMC","NAL MC",8593.07,4023.5,12616.57,15401.16,61,0,0,77.4285714285714,682.6,149,30,8593.07,4023.5,37.5454545454545,1856.459407,0,12616.57,179,"High","High"
111336,2021-12-18,"0",27500,2020-06-13 09:36:01,"LIVONIA","MI","48150",7,7,10,30000,"A","Other","PERM LOCK",1,"SWMC","NAP",7311.34,70250.66,77562,84060.88,16,0,0,69.7857142857143,691,100,205,7311.34,70250.66,34.3636363636364,2499.384981,0,77562,305,"High","High"
111338,2022-07-28,"0",15500,2020-06-13 09:36:01,"CLAYTON","OH","45315",30,21,7,18600,"I","BAD AGENCY","PERM LOCK",1,"SWMC","NAP",36.68,3130.11,3166.79,18495.39,5,0,0,66.8333333333333,622,1,24,36.68,3130.11,33.0909090909091,1151.659122,3443.3,3166.79,25,"High","High"
111345,2022-05-13,"0",26000,2020-06-16 08:50:10,"NAPA","CA","94558",7,7,7,26000,"A","Other","PERM LOCK",0,"FMMC","NAL MC",1094.57,3404.95,4499.52,6541.53,8,0,0,60.4285714285714,807.5,8,15,1094.57,3404.95,30.5454545454545,794.995857,0,4499.52,23,"High","High"
111348,2022-05-26,"0",5000,2020-06-16 08:50:10,"OAKLAND","NE","68045",7,7,5,5000,"Z","UNLOCKED","UNLOCKED",0,"CSMC","NAP",31206.76,5591.78,36798.54,44213.96,49,0,0,68,775.2,330,235,31206.76,5591.78,37.3636363636364,5889.137797,0,36798.54,565,"High","High"
111364,2022-02-12,"0",12500,2020-06-20 09:35:23,"INDIANAPOLIS","IN","46203",7,7,3,15000,"I","BAD AGENCY","PERM LOCK",0,"FMMC","NAL MC",158.17,14751.45,14909.62,0,0,0,0,64.8333333333333,701,4,35,158.17,14751.45,39.0909090909091,3910.285591,18480.31,14909.62,39,"High","High"
111367,2022-01-31,"0",15000,2020-06-20 09:35:23,"BALDWIN","LA","70514",7,7,3,12500,"Z","UNLOCKED","UNLOCKED",0,"FMMC","NAL MC",98184.3,15528.37,113712.67,119811.78,58,0,0,70.7142857142857,0,513,151,98184.3,15528.37,42.2727272727273,7394.443423,0,113712.67,664,"High","High"
111370,2022-04-27,"0",5500,2020-06-20 09:35:23,"GLENDALE","CA","91201",7,5,10,3840,"Z","UNLOCKED","UNLOCKED",1,"ARMC","NAP",46368.84,19051.53,65420.37,78006.18,68,0,0,76.9285714285714,722.8,663,82,46368.84,19051.53,19.9090909090909,8096.455614,0,65420.37,745,"High","High"
111377,2022-10-07,"0",28500,2020-06-20 09:35:23,"CORALVILLE","IA","52241",7,7,10,28500,"Z","UNLOCKED","UNLOCKED",0,"CSMC","NAP",198743.08,2511.45,201254.53,208855.65,59,0,0,75.4,833.2,2659,404,198743.08,2511.45,7.90909090909091,5070.787107,0,201254.53,3063,"High","High"
111378,2022-05-14,"0",47500,2020-06-20 09:35:23,"APLINGTON","IA","50604",7,7,10,47500,"Z","UNLOCKED","UNLOCKED",0,"CSMC","NAP",45651.65,2202.26,47853.91,50717.41,51,0,0,80,739.4,145,2,45651.65,2202.26,19.0909090909091,2350.772095,0,47853.91,147,"High","High"
111379,2021-10-28,"0",64000,2020-06-20 09:35:23,"STATEN ISLAND","NY","10303",7,7,10,64000,"I","BAD AGENCY","PERM LOCK",1,"SWMC","NAP",137232.82,417.61,137650.43,176518.24,8,0,0,79.0769230769231,761.333333333333,800,8,137232.82,417.61,34.9090909090909,41212.531488,8724.11,137650.43,808,"High","High"
111380,2023-01-31,"0",5000,2020-06-20 09:35:23,"TIFFIN","OH","44883",7,7,10,6000,"Z","UNLOCKED","UNLOCKED",0,"SWMC","NAP",11069.06,10590.35,21659.41,26011.78,34,0,0,71,805.4,206,16,11069.06,10590.35,19.7272727272727,3088.019593,0,21659.41,222,"High","High"
111395,2022-08-29,"0",3500,2020-06-23 08:49:34,"HICKORY","NC","28601",7,7,18,600,"Z","UNLOCKED","UNLOCKED",0,"FMMC","NAL MC",3142.9,3442.59,6585.49,15026.57,18,0,0,0,656.5,114,120,3142.9,3442.59,51.2727272727273,6915.763538,0,6585.49,234,"High","High"
111398,2021-11-16,"0",6000,2020-06-23 08:49:34,"DEFIANCE","OH","43512",7,7,10,3300,"Z","UNLOCKED","UNLOCKED",0,"SWMC","NAP",44889.36,0,44889.36,47700.28,56,0,0,0,675.4,847,0,44889.36,0,31.7272727272727,3317.662233,0,44889.36,847,"High","High"
111399,2022-05-26,"0",7000,2020-06-23 08:49:34,"SHOREWOOD","IL","60404",7,7,10,7000,"Z","UNLOCKED","UNLOCKED",1,"CSMC","NAP",11585.46,94226.12,105811.58,105713.27,50,0,0,79.2142857142857,616.2,117,354,11585.46,94226.12,39.8181818181818,4663.752571,0,105811.58,471,"High","High"
111409,2022-06-14,"0",5500,2020-06-25 08:36:54,"URBANDALE","IA","50322",7,7,10,5500,"Z","UNLOCKED","UNLOCKED",0,"CSMC","NAP",47593.06,15058.72,62651.78,64989.63,59,0,0,80,0,812,151,47593.06,15058.72,35.4545454545455,1275.23778,0,62651.78,963,"High","High"
111417,2021-03-11,"0",3800,2020-06-25 08:36:54,"OCALA","FL","34473",30,21,5,6300,"Z","UNLOCKED","UNLOCKED",0,"BPMC","NAP",37.68,28046.48,28084.16,25825.99,17,0,0,80,0,1,161,37.68,28046.48,37,747.84156801,0,28084.16,162,"High","High"
111419,2022-01-14,"0",56000,2020-06-25 08:36:54,"GAINESVILLE","GA","30504",30,14,18,56000,"Z","UNLOCKED","UNLOCKED",1,"BPMC","NAP",15754.84,107.96,15862.8,18834.24,15,0,0,72.9285714285714,0,269,34,15754.84,107.96,5.18181818181818,686.30271615,0,15862.8,303,"High","High"
111424,2022-11-28,"0",8500,2020-06-26 08:37:23,"BAKERSFIELD","CA","93301",30,21,18,8500,"A","Other","PERM LOCK",0,"ARMC","NAP",7531.16,15111.93,22643.09,25239.97,8,0,0,80,0,115,55,7531.16,15111.93,36.0909090909091,1119.019904,0,22643.09,170,"High","High"
111425,2021-10-02,"0",105500,2020-06-26 08:37:23,"SAGINAW","MI","48609",15,14,10,5300,"Z","UNLOCKED","UNLOCKED",1,"SWMC","NAP",39248.43,4753.28,44001.71,52194.66,29,0,0,80,0,540,26,39248.43,4753.28,8.90909090909091,2070.246152,0,44001.71,566,"High","High"
111426,2021-10-26,"0",17500,2020-06-26 08:37:23,"VAN NUYS","CA","91406",7,7,10,50000,"G","OVERDUE","PERM LOCK",1,"SWMC","NAP",492971.33,60,493031.33,497112.7,54,0,0,77.7142857142857,820.8,6432,1,492971.33,60,14.3636363636364,35510.989617,0,493031.33,6433,"High","High"
111430,2022-03-12,"0",12500,2020-06-27 09:35:46,"BLACK MOUNTAIN","NC","28711",7,5,18,12500,"Z","UNLOCKED","UNLOCKED",1,"BPMC","NAP",109629.15,21,109650.15,116260.67,59,0,0,79.1428571428571,0,1665,1,109629.15,21,8.18181818181818,4050.16431434,0,109650.15,1666,"High","High"
111434,2023-09-13,"0",7500,2020-06-27 09:35:46,"JENKINSBURG","GA","30234",7,5,3,7500,"Z","UNLOCKED","UNLOCKED",0,"BPMC","NAP",100341.58,407.79,100749.37,106545.92,61,1844.29,1,0,781.4,2737,5,100341.58,407.79,25,1547.91630295,0,100749.37,2742,"High","High"
111441,2022-02-17,"0",26000,2020-06-27 09:35:46,"INDIANAPOLIS","IN","46240",7,7,5,1800,"Z","UNLOCKED","UNLOCKED",1,"SWMC","NAP",59407.94,12705.3,72113.24,79452.67,94,0,0,80,747.4,891,150,59407.94,12705.3,32.6363636363636,2033.726304,0,72113.24,1041,"High","High"
111444,2022-03-18,"0",3500,2020-06-30 10:37:16,"FLORENCE","AL","35630",7,7,3,700,"N","NSF","TEMP LOCK",0,"BPMC","NAP",6174.05,712.48,6886.53,9189.38,22,726.06,2,79.5,0,156,34,6174.05,712.48,38.5454545454545,1341.55833222,0,6886.53,190,"High","High"
111454,2022-03-12,"0",52500,2020-06-30 10:37:16,"TEHACHAPI","CA","93561",7,7,5,2390,"Z","UNLOCKED","UNLOCKED",0,"FMMC","NAL MC",10580.98,3656.81,14237.79,17870.09,36,0,0,70.4285714285714,0,141,7,10580.98,3656.81,31.1818181818182,3610.02162,0,14237.79,148,"High","High"
111462,2022-02-24,"0",12000,2020-06-30 10:37:16,"PALMDALE","CA","93550",7,5,18,12000,"Z","UNLOCKED","UNLOCKED",0,"ARMC","NAP",13597.52,6831.28,20428.8,21735.35,59,0,0,80,755.6,155,97,13597.52,6831.28,31.1818181818182,922.177941,0,20428.8,252,"High","High"
111466,2023-02-08,"0",7500,2020-07-01 09:40:59,"SAVANNAH","GA","31404",7,7,18,7500,"Z","UNLOCKED","UNLOCKED",0,"BPMC","NAP",44637.7,9.61,44647.31,49512.57,58,0,0,76.8571428571429,0,251,1,44637.7,9.61,5.18181818181818,2930.75530285,0,44647.31,252,"High","High"
111474,2022-01-15,"0",10500,2020-07-01 09:40:59,"BEAUMONT","TX","77708",7,7,3,10800,"P","PAYMENT PLAN","PERM LOCK",1,"FMMC","NAL MC",57870.08,24027.15,81897.23,106069.05,51,895.03,1,30.2857142857143,664.333333333333,154,83,57870.08,24027.15,53.8181818181818,26960.719882,0,81897.23,237,"High","High"
111481,2022-03-09,"0",19000,2020-07-02 08:40:01,"SUMMERVILLE","SC","29485",15,15,18,11400,"Z","UNLOCKED","UNLOCKED",1,"BPMC","NAP",19575.6,0,19575.6,31945.43,18,0,0,67.7857142857143,785.6,311,0,19575.6,0,25.2727272727273,9850.42904593,0,19575.6,311,"High","High"
111483,2022-05-16,"0",56500,2020-07-02 08:40:01,"CALEDONIA","MI","49316",7,7,10,22050,"Z","UNLOCKED","UNLOCKED",1,"FMMC","NAL MC",116609.85,330.03,116939.88,139660.9,35,0,0,79.2857142857143,0,1320,9,116609.85,330.03,29.4545454545455,20309.825429,0,116939.88,1329,"High","High"
111486,2023-02-06,"0",12000,2020-07-02 08:40:01,"DRY RIDGE","KY","41035",7,7,18,12000,"Z","UNLOCKED","UNLOCKED",0,"FMMC","NAL MC",126274.83,731.95,127006.78,146461.86,61,0,0,79.2142857142857,722,1156,3,126274.83,731.95,22.1818181818182,11582.419629,0,127006.78,1159,"High","High"
111488,2022-09-20,"0",5000,2020-07-02 08:40:01,"BOONE","IA","50036",15,14,5,5000,"Z","UNLOCKED","UNLOCKED",0,"CSMC","NAP",19316.44,18965.51,38281.95,49795.75,20,0,0,0,838.4,358,161,19316.44,18965.51,34.0909090909091,4907.499952,0,38281.95,519,"High","High"
111501,2022-04-21,"0",3500,2020-07-04 09:44:10,"FORTVILLE","IN","46040",7,7,10,800,"Z","UNLOCKED","UNLOCKED",0,"SWMC","NAP",9040.27,253.01,9293.28,11417.56,56,0,0,60.0714285714286,766.2,85,9,9040.27,253.01,17,868.42721,0,9293.28,94,"High","High"
111505,2023-06-27,"0",3150,2020-07-04 09:44:10,"DES MOINES","IA","50310",7,7,10,900,"Z","UNLOCKED","UNLOCKED",1,"CSMC","NAP",3554.35,4709.8,8264.15,9669.39,44,0,0,0,660,97,56,3554.35,4709.8,41.0909090909091,1346.098114,0,8264.15,153,"High","High"
111507,2022-07-16,"0",17500,2020-07-07 08:44:50,"HURLEY","WI","54534",30,14,18,17500,"Z","UNLOCKED","UNLOCKED",0,"BPMC","NAP",61067.33,2339.67,63407,64744.87,13,0,0,80,769.8,351,86,61067.33,2339.67,4.18181818181818,2477.34673911,0,63407,437,"High","High"
111518,2022-08-03,"0",21000,2020-07-08 08:41:59,"ORLANDO","FL","32818",7,14,7,16000,"I","BAD AGENCY","PERM LOCK",1,"BPMC","NAP",2142.39,13758.19,15900.58,7065.42,4,0,0,72.1818181818182,706,37,123,2142.39,13758.19,42.0909090909091,6157.53050385,15403.58,15900.58,160,"High","High"
111524,2022-06-02,"0",8500,2020-07-09 08:54:21,"LIBERAL","KS","67901",7,7,5,10200,"A","Other","PERM LOCK",1,"CSMC","NAP",24883.35,6499.83,31383.18,35317.39,41,0,0,67.3571428571429,731.5,309,51,24883.35,6499.83,38.5454545454545,3999.054544,0,31383.18,360,"High","High"
111532,2022-01-20,"0",8000,2020-07-09 08:54:21,"CYPRESS","TX","77433",7,7,3,8000,"G","OVERDUE","PERM LOCK",1,"FMMC","NAL MC",20803.86,19414.81,40218.67,44746.74,32,0,0,79.2857142857143,661,42,92,20803.86,19414.81,42,5305.320937,0,40218.67,134,"High","High"
111533,2022-08-23,"0",4500,2020-07-09 08:54:21,"DANVILLE","VA","24540",7,7,3,3456,"S","S-LOCK","TEMP LOCK",1,"FMMC","NAL MC",13054.66,3604.88,16659.54,26498.03,29,0,0,0,585.8,293,22,13054.66,3604.88,52.0909090909091,8359.223674,0,16659.54,315,"High","High"
111542,2022-03-25,"0",6000,2020-07-10 08:46:08,"ORLANDO","FL","32826",30,14,5,3050,"Z","UNLOCKED","UNLOCKED",0,"FMMC","NAL MC",0,12281.51,12281.51,11749.05,16,0,0,77.3571428571429,0,0,52,0,12281.51,34.6363636363636,1009.062661,0,12281.51,52,"High","High"
111544,2022-02-11,"0",60000,2020-07-10 08:46:08,"INDIANAPOLIS","IN","46218",7,7,10,60000,"G","OVERDUE","PERM LOCK",0,"SWMC","NAP",71903.49,193855.88,265759.37,304600.67,50,0,0,73,697,516,614,71903.49,193855.88,18.8181818181818,23538.538347,0,265759.37,1130,"High","High"
111546,2021-12-10,"0",5500,2020-07-10 08:46:08,"RALEIGH","NC","27617",7,7,10,5500,"Z","UNLOCKED","UNLOCKED",0,"SWMC","NAP",29376.18,333.42,29709.6,30971.04,53,0,0,80,729.6,173,5,29376.18,333.42,4.63636363636364,894.104797,0,29709.6,178,"High","High"
111557,2022-10-26,"0",137000,2020-07-11 09:38:56,"PITTSBURG","TX","75686",7,7,5,137000,"Z","UNLOCKED","UNLOCKED",0,"FMMC","NAL MC",2022616.38,503325.1,2525941.48,2666890.43,57,0,0,57.9285714285714,0,19601,4563,2022616.38,503325.1,47.6363636363636,71173.425861,0,2525941.48,24164,"High","High"
111571,2022-10-26,"0",34500,2020-07-14 14:56:25,"MIAMI","FL","33187",30,14,18,34500,"Z","UNLOCKED","UNLOCKED",0,"BPMC","NAP",43987.62,438.51,44426.13,45763.32,13,0,0,80,756.8,603,9,43987.62,438.51,3,2114.06473258,0,44426.13,612,"High","High"
111583,2022-01-15,"0",6500,2020-07-14 14:56:25,"LA MOURE","ND","58458",7,7,5,7800,"Z","UNLOCKED","UNLOCKED",0,"FMMC","NAL MC",88982.52,30975.04,119957.56,127573.66,77,0,0,0,0,1984,492,88982.52,30975.04,44.0909090909091,6946.279504,0,119957.56,2476,"High","High"
111588,2021-11-24,"0",3500,2020-07-14 14:56:25,"LIMA","OH","45805",15,15,10,2800,"Z","UNLOCKED","UNLOCKED",0,"SWMC","NAP",11218.78,124.61,11343.39,11239.29,22,0,0,0,784.2,146,5,11218.78,124.61,17.6363636363636,931.466783,0,11343.39,151,"High","High"
111590,2023-01-05,"0",5000,2020-07-14 14:56:25,"WAUWATOSA","WI","53222",7,7,10,3800,"S","S-LOCK","TEMP LOCK",0,"SWMC","NAP",2619.78,202.2,2821.98,3267.79,6,0,0,0,718.4,17,2,2619.78,202.2,31.1818181818182,961.934805,0,2821.98,19,"High","High"
111602,2022-02-13,"0",17500,2020-07-16 08:49:41,"WAUWATOSA","WI","53222",15,15,10,17500,"Z","UNLOCKED","UNLOCKED",0,"SWMC","NAP",15758.57,8758.99,24517.56,27174.42,29,0,0,77.2142857142857,0,442,76,15758.57,8758.99,14.1818181818182,1888.224139,0,24517.56,518,"High","High"
111605,2022-03-25,"0",8500,2020-07-16 08:49:41,"ESCONDIDO","CA","92027",7,5,5,5500,"Z","UNLOCKED","UNLOCKED",0,"ARMC","NAP",9594.69,379.55,9974.24,15821.59,16,0,0,79.7857142857143,751.4,168,4,9594.69,379.55,32.8181818181818,4823.987588,0,9974.24,172,"High","High"
111611,2022-01-14,"0",3500,2020-07-16 08:49:41,"WILLOW SPRINGS","NC","27592",7,7,3,3500,"B","Fraud / Suspicious Activity","PERM LOCK",1,"FMMC","NAL MC",342.62,15146.81,15489.43,17619.81,9,0,0,76.4285714285714,681,12,197,342.62,15146.81,25.4545454545455,1319.08688,0,15489.43,209,"High","High"
111614,2022-05-20,"0",11500,2020-07-16 08:49:41,"WALCOTT","IA","52773",30,7,10,11500,"Z","UNLOCKED","UNLOCKED",1,"CSMC","NAP",48764.4,-0.02,48764.38,52671.99,14,0,0,72.2857142857143,830.6,772,0,48764.4,-0.02,5,996.977822,0,48764.38,772,"High","High"
111620,2021-11-19,"0",16500,2020-07-17 08:53:19,"OZARK","AR","72949",15,15,5,24000,"Z","UNLOCKED","UNLOCKED",0,"BPMC","NAP",24227.26,249558.76,273786.02,282298.2,27,0,0,53.2142857142857,0,405,1593,24227.26,249558.76,41.1818181818182,3212.22942827,0,273786.02,1998,"High","High"
111630,2022-08-16,"0",15500,2020-07-17 08:53:19,"MOUNT PLEASANT","MI","48858",7,7,5,15500,"Z","UNLOCKED","UNLOCKED",1,"SWMC","NAP",17076.37,7405.64,24482.01,35574.53,31,0,0,75.5,678,71,6,17076.37,7405.64,39.7272727272727,7064.148416,0,24482.01,77,"High","High"
111637,2021-11-20,"0",6000,2020-07-21 08:48:26,"HARBOR CITY","CA","90710",30,5,18,6000,"Z","UNLOCKED","UNLOCKED",0,"ARMC","NAP",16116.41,104.79,16221.2,20364.62,57,0,0,79.2857142857143,794.6,258,3,16116.41,104.79,3,1630.183716,0,16221.2,261,"High","High"
111639,2021-11-05,"0",18000,2020-07-21 08:48:26,"LYNNWOOD","WA","98036",7,5,18,18000,"Z","UNLOCKED","UNLOCKED",1,"ARMC","NAP",60033.33,0,60033.33,64624.3,59,0,0,75.4285714285714,0,622,0,60033.33,0,5.45454545454545,2547.54286,0,60033.33,622,"High","High"
111642,2021-11-20,"0",6500,2020-07-21 08:48:26,"BRONX","NY","10460",15,14,10,6500,"I","BAD AGENCY","PERM LOCK",0,"BPMC","NAP",1945.16,1492.37,3437.53,732.75,2,0,0,65.0833333333333,0,35,28,1945.16,1492.37,42.5454545454545,2968.7737239,6126.52,3437.53,63,"High","High"
111645,2021-10-19,"0",5000,2020-07-21 08:48:26,"KATY","TX","77494",15,14,7,12400,"I","BAD AGENCY","PERM LOCK",1,"BPMC","NAP",0,55938.96,55938.96,48540.93,16,0,0,65.5833333333333,691.5,0,207,0,55938.96,41.1818181818182,4693.76658946,13862.77,55938.96,207,"High","High"
111651,2022-03-12,"0",45000,2020-07-21 08:48:26,"SUWANEE","GA","30024",7,13,10,22500,"Z","UNLOCKED","UNLOCKED",1,"FMMC","NAL MC",5598.54,557.03,6155.57,8356.71,11,0,0,79.5,0,98,11,5598.54,557.03,19.8181818181818,2080.892437,0,6155.57,109,"High","High"
111657,2022-03-02,"0",36500,2020-07-21 08:48:26,"ROANOKE","VA","24015",7,7,3,4000,"Z","UNLOCKED","UNLOCKED",0,"FMMC","NAL MC",44215.07,32646.58,76861.65,93072.99,47,2700,1,79.5714285714286,627.25,106,44,44215.07,32646.58,41.6363636363636,8521.442859,0,76861.65,150,"High","High"
111662,2022-08-13,"0",28000,2020-07-21 08:48:26,"MOORE","OK","73153",7,7,5,53000,"Z","UNLOCKED","UNLOCKED",0,"FMMC","NAL MC",57309.2,40066.58,97375.78,103775.69,51,0,0,80,776.4,861,163,57309.2,40066.58,41,8770.598943,0,97375.78,1024,"High","High"
111663,2022-01-09,"0",5000,2020-07-21 08:48:26,"LORIS","SC","29569",7,7,5,5000,"Z","UNLOCKED","UNLOCKED",1,"FMMC","NAL MC",21983.66,-73.62,21910.04,26880.2,35,0,0,76.5454545454545,690.6,372,8,21983.66,-73.62,41.6363636363636,4700.034298,0,21910.04,380,"High","High"
111664,2021-10-21,"0",28000,2020-07-21 08:48:26,"BLOOMINGDALE","OH","43910",30,21,10,5000,"Z","UNLOCKED","UNLOCKED",0,"SWMC","NAP",17114.65,2497.76,19612.41,17427.34,22,0,0,70.2142857142857,0,221,1,17114.65,2497.76,20.9090909090909,816.281009,0,19612.41,222,"High","High"
111668,2022-07-01,"0",5500,2020-07-22 08:48:37,"LANCASTER","PA","17603",7,7,7,2750,"Z","UNLOCKED","UNLOCKED",1,"BPMC","NAP",4096.17,1391,5487.17,7436.34,59,0,0,80,645.4,122,42,4096.17,1391,43,1898.10523473,0,5487.17,164,"High","High"
111672,2022-01-17,"0",26500,2020-07-22 08:48:37,"HILDALE","UT","84784",7,7,7,26500,"S","S-LOCK","TEMP LOCK",1,"FMMC","NAL MC",13011.97,0,13011.97,17936.19,26,0,0,65,0,120,0,13011.97,0,37.0909090909091,4262.37568,0,13011.97,120,"High","High"
111677,2022-03-15,"0",29500,2020-07-22 08:48:37,"NEWARK","OH","43055",7,7,5,20000,"N","NSF","TEMP LOCK",1,"FMMC","NAL MC",17614.48,63346.42,80960.9,87092.61,25,1445.61,1,71,646.666666666667,280,234,17614.48,63346.42,29.2727272727273,2986.585741,0,80960.9,514,"High","High"
111678,2021-12-17,"0",13000,2020-07-23 08:53:03,"WINTER PARK","FL","32792",15,14,7,13000,"I","BAD AGENCY","PERM LOCK",0,"BPMC","NAP",4936.64,2.13,4938.77,3671.71,6,0,0,79.6428571428571,651.666666666667,74,1,4936.64,2.13,47,1151.58608504,1579.95,4938.77,75,"High","High"
111683,2021-10-26,"0",10500,2020-07-23 08:53:03,"BROOKLYN","NY","11221",15,14,7,25000,"I","BAD AGENCY","PERM LOCK",1,"BPMC","NAP",3731.22,23421.3,27152.52,20039.12,12,0,0,79.7142857142857,715.5,79,55,3731.22,23421.3,44.4545454545455,5191.88237228,11256.22,27152.52,134,"High","High"
111686,2022-01-12,"0",3500,2020-07-23 08:53:03,"BESSEMER","AL","35020",30,14,3,3500,"I","BAD AGENCY","PERM LOCK",1,"FMMC","NAL MC",1111.69,289.49,1401.18,440.17,3,0,0,0,713,21,2,1111.69,289.49,42.4545454545455,844.347039,1930.05,1401.18,23,"High","High"
111687,2022-02-16,"0",19500,2020-07-23 08:53:03,"SHREVEPORT","LA","71107",30,14,7,9030,"Z","UNLOCKED","UNLOCKED",0,"FMMC","NAL MC",30261.45,32778.04,63039.49,70640.43,15,0,0,67.7142857142857,671.2,547,165,30261.45,32778.04,22.1818181818182,5760.534584,0,63039.49,712,"High","High"
111688,2022-03-08,"0",5500,2020-07-23 08:53:03,"HIALEAH","FL","33018",7,7,10,15000,"Z","UNLOCKED","UNLOCKED",0,"FMMC","NAL MC",45251.46,550,45801.46,49319.94,59,0,0,80,800.2,871,8,45251.46,550,25.7272727272727,2538.058117,0,45801.46,879,"High","High"
111701,2021-10-07,"0",51500,2020-07-23 08:53:03,"JAMESVILLE","NC","27846",7,7,5,51500,"Z","UNLOCKED","UNLOCKED",1,"SWMC","NAP",134405.58,36405.51,170811.09,213266.12,58,0,0,79.0714285714286,742.2,1874,367,134405.58,36405.51,32.2727272727273,31841.251214,0,170811.09,2241,"High","High"
111704,2023-03-27,"0",18500,2020-07-24 08:53:44,"ORLANDO","FL","32818",7,7,10,18500,"A","Other","PERM LOCK",0,"FMMC","NAL MC",62480.66,864.91,63345.57,73768.6,26,0,0,0,828.333333333333,684,32,62480.66,864.91,32.4545454545455,7153.004852,28.9,63345.57,716,"High","High"
111711,2022-07-13,"0",7000,2020-07-24 08:53:44,"PERU","IL","61354",15,14,10,7000,"Z","UNLOCKED","UNLOCKED",0,"CSMC","NAP",20803.56,20011.98,40815.54,42897.79,37,0,0,80,701,257,79,20803.56,20011.98,16,1726.677834,0,40815.54,336,"High","High"
111712,2022-02-14,"0",3500,2020-07-24 08:53:44,"INDIANAPOLIS","IN","46226",7,7,10,1000,"S","S-LOCK","TEMP LOCK",1,"SWMC","NAP",9113.76,8401.84,17515.6,19777.04,47,0,0,80,664,132,113,9113.76,8401.84,40.2727272727273,1190.465426,0,17515.6,245,"High","High"
111717,2022-11-10,"0",56000,2020-07-24 08:53:44,"GRAIN VALLEY","MO","64029",15,15,10,56000,"I","BAD AGENCY","PERM LOCK",0,"CSMC","NAP",83140.94,55031.35,138172.29,122032.06,19,0,0,76,792.333333333333,667,393,83140.94,55031.35,38.0909090909091,9037.286999,29809.25,138172.29,1060,"High","High"
111719,2021-10-20,"0",21000,2020-07-25 09:38:45,"TROY","MI","48083",30,14,10,21000,"I","BAD AGENCY","PERM LOCK",0,"BPMC","NAP",10539.19,266.14,10805.33,19662.49,1,0,0,69.4545454545455,751.5,184,16,10539.19,266.14,31.4545454545455,4163.79660783,7197.62,10805.33,200,"High","High"
111730,2022-03-01,"0",46000,2020-07-28 08:44:06,"ELLIJAY","GA","30540",7,7,3,46000,"Z","UNLOCKED","UNLOCKED",0,"FMMC","NAL MC",60832.64,97990.57,158823.21,171685.56,48,0,0,69.5,0,472,450,60832.64,97990.57,44.8181818181818,17542.007652,0,158823.21,922,"High","High"
111732,2022-01-29,"0",30000,2020-07-28 08:44:06,"LENEXA","KS","66215",30,14,18,30000,"Z","UNLOCKED","UNLOCKED",0,"FMMC","NAL MC",27921.26,35802.12,63723.38,73351.58,14,0,0,75.3571428571429,793.4,292,246,27921.26,35802.12,38.4545454545455,5182.36899,0,63723.38,538,"High","High"
111735,2021-12-14,"0",3500,2020-07-28 08:44:06,"WINTER GARDEN","FL","34787",7,7,10,6000,"Z","UNLOCKED","UNLOCKED",0,"SWMC","NAP",924.03,0,924.03,1802.45,21,0,0,80,809.4,21,0,924.03,0,25.1818181818182,775,0,924.03,21,"High","High"
111752,2022-01-08,"0",7500,2020-07-29 08:49:11,"CARMEL","IN","46032",30,21,10,7500,"Z","UNLOCKED","UNLOCKED",1,"FMMC","NAL MC",639.48,613.93,1253.41,2468.35,14,0,0,79.5,0,14,19,639.48,613.93,25,610.208841,0,1253.41,33,"High","High"
111758,2022-02-09,"0",37500,2020-07-29 08:49:11,"BROOKLYN","NY","11222",15,13,10,30000,"Z","UNLOCKED","UNLOCKED",0,"FMMC","NAL MC",281610.76,7191.78,288802.54,301957.05,27,0,0,80,0,2061,52,281610.76,7191.78,34.8181818181818,6890.651034,0,288802.54,2113,"High","High"
111762,2021-11-29,"0",53000,2020-07-30 08:56:10,"ORANGE","CA","92865",15,14,10,4200,"S","S-LOCK","TEMP LOCK",1,"ARMC","NAP",52380.13,1002.71,53382.84,58551.26,17,0,0,78.6428571428571,758.8,610,23,52380.13,1002.71,26.0909090909091,5163.046026,0,53382.84,633,"High","High"
111763,2022-04-14,"0",28000,2020-07-30 08:56:10,"WEST MEMPHIS","AR","72301",15,14,5,3000,"Z","UNLOCKED","UNLOCKED",1,"ARMC","NAP",26165.28,157.98,26323.26,30992.39,15,0,0,75.7142857142857,641.75,383,2,26165.28,157.98,47.3636363636364,3978.190032,0,26323.26,385,"High","High"
111766,2021-11-23,"0",4500,2020-07-30 08:56:10,"HAZELWOOD","MO","63042",7,7,7,3000,"Z","UNLOCKED","UNLOCKED",1,"BPMC","NAP",49934.43,2274.83,52209.26,58451.03,58,0,0,0,0,1155,287,49934.43,2274.83,15.1818181818182,3881.00776384,0,52209.26,1442,"High","High"
111768,2022-05-22,"0",47500,2020-07-30 08:56:10,"PLEASANTON","KS","66075",15,14,18,47500,"A","Other","PERM LOCK",0,"FMMC","NAL MC",26052.08,0,26052.08,28977.29,13,0,0,80,809.25,388,0,26052.08,0,8.09090909090909,849.288254,0,26052.08,388,"High","High"
111769,2022-08-10,"0",7000,2020-07-30 08:56:10,"EAST POINT","GA","30344",7,7,7,7000,"I","BAD AGENCY","PERM LOCK",0,"FMMC","NAL MC",7263.52,691.62,7955.14,8922.12,6,0,0,45.9,725.5,37,9,7263.52,691.62,36.0909090909091,2612.94013,4706.61,7955.14,46,"High","High"
111771,2022-02-27,"0",3500,2020-07-30 08:56:10,"ANTIOCH","IL","60002",7,7,3,2250,"Z","UNLOCKED","UNLOCKED",0,"FMMC","NAL MC",11348.78,36203.51,47552.29,57107.81,32,0,0,80,0,151,224,11348.78,36203.51,47.2727272727273,7494.924631,0,47552.29,375,"High","High"
111772,2022-01-01,"0",4000,2020-07-30 08:56:10,"GLEN ALLEN","VA","23059",7,7,10,1870,"Z","UNLOCKED","UNLOCKED",0,"FMMC","NAL MC",39301.43,105.18,39406.61,42554.11,60,0,0,77.7857142857143,0,332,1,39301.43,105.18,27.1818181818182,1790.578207,0,39406.61,333,"High","High"
111778,2022-03-09,"0",4500,2020-07-30 08:56:10,"WEYMOUTH","MA","02189",7,7,10,2000,"Z","UNLOCKED","UNLOCKED",1,"SWMC","NAP",33467.95,177.22,33645.17,36275.63,56,0,0,80,790.4,179,6,33467.95,177.22,25,2109.616743,0,33645.17,185,"High","High"
111779,2022-02-24,"0",31000,2020-07-30 08:56:10,"WILMINGTON","NC","28402",15,13,7,31000,"Z","UNLOCKED","UNLOCKED",0,"FMMC","NAL MC",31848.16,11470.27,43318.43,46451.22,27,0,0,69.6428571428571,0,466,177,31848.16,11470.27,21.2727272727273,1344.839489,0,43318.43,643,"High","High"
111785,2022-08-26,"0",39000,2020-07-31 08:50:52,"OMAHA","NE","68134",30,14,10,39000,"Z","UNLOCKED","UNLOCKED",0,"CSMC","NAP",71661.21,2047.6,73708.81,75995.85,13,0,0,79.0714285714286,0,880,8,71661.21,2047.6,14.9090909090909,4021.11298,0,73708.81,888,"High","High"
111809,2023-07-05,"0",140000,2020-08-05 08:37:31,"FARMERS BRANCH","TX","75234",15,13,18,60000,"Z","UNLOCKED","UNLOCKED",0,"FMMC","NAL MC",366060.93,6820.99,372881.92,398916.26,27,0,0,72.2142857142857,0,5186,536,366060.93,6820.99,19.7272727272727,24243.56131,0,372881.92,5722,"High","High"
111814,2021-10-12,"0",55500,2020-08-05 08:37:31,"MARCO ISLAND","FL","34145",30,14,18,55500,"Z","UNLOCKED","UNLOCKED",0,"BPMC","NAP",14821.06,8202.51,23023.57,24798.97,16,0,0,77.1428571428571,833.2,186,51,14821.06,8202.51,12.4545454545455,771.1871415,0,23023.57,237,"High","High"
111815,2021-03-18,"0",500,2020-08-05 08:37:31,"SAN DIMAS","CA","91773",15,14,7,1500,"I","BAD AGENCY","PERM LOCK",1,"BPMC","NAP",0,529.73,529.73,0,0,0,0,73.8181818181818,558,0,6,0,529.73,36.8181818181818,668.14196718,1603.3,529.73,6,"High","High"
111819,2022-01-21,"0",22500,2020-08-05 08:37:31,"SULLIVAN","MO","63080",30,14,10,22500,"I","BAD AGENCY","PERM LOCK",0,"FMMC","NAL MC",0,110543.08,110543.08,115885.46,12,0,0,79.4285714285714,0,0,377,0,110543.08,37.9090909090909,9930.444019,13999.32,110543.08,377,"High","High"
111821,2022-02-09,"0",28000,2020-08-05 08:37:31,"TAMPA","FL","33619",7,7,10,28000,"Z","UNLOCKED","UNLOCKED",0,"FMMC","NAL MC",30565.67,0,30565.67,32888.99,59,0,0,71.6428571428571,767.8,477,0,30565.67,0,32.7272727272727,2344.99478,0,30565.67,477,"High","High"
111822,2022-01-27,"0",47500,2020-08-05 08:37:31,"FOUNTAIN VALLEY","CA","92708",30,14,10,47500,"Z","UNLOCKED","UNLOCKED",0,"FMMC","NAL MC",21896.01,0,21896.01,25187.21,14,0,0,79.2857142857143,717,219,0,21896.01,0,22.6363636363636,2592.732971,0,21896.01,219,"High","High"
111826,2022-05-14,"0",7500,2020-08-05 08:37:31,"ELLINWOOD","KS","67526",30,14,5,7500,"Z","UNLOCKED","UNLOCKED",0,"CSMC","NAP",9328.61,777.64,10106.25,13366.29,10,0,0,79.0714285714286,674.6,346,74,9328.61,777.64,43,3162.901573,0,10106.25,420,"High","High"
111833,2021-12-01,"0",9000,2020-08-05 08:37:31,"LAKE STEVENS","WA","98258",7,5,10,9000,"A","Other","PERM LOCK",0,"ARMC","NAP",14476.27,0,14476.27,17268.26,25,0,0,72.1,729,177,0,14476.27,0,29.8181818181818,1923.660611,0,14476.27,177,"High","High"
111839,2022-02-05,"0",8000,2020-08-06 09:41:29,"BABYLON","NY","11702",15,15,7,5000,"Z","UNLOCKED","UNLOCKED",1,"BPMC","NAP",12484.85,221.61,12706.46,13230.99,19,42.35,1,63.5714285714286,711.5,151,2,12484.85,221.61,35.9090909090909,1483.15157997,0,12706.46,153,"High","High"
111852,2022-04-30,"0",55500,2020-08-07 09:08:33,"WOODWAY","TX","76712",7,7,5,7500,"Z","UNLOCKED","UNLOCKED",0,"FMMC","NAL MC",34079.28,42209.33,76288.61,82423.75,58,0,0,56.2857142857143,694.6,360,144,34079.28,42209.33,43.5454545454545,4623.385895,0,76288.61,504,"High","High"
111853,2022-03-16,"0",7500,2020-08-07 09:08:33,"CORNELIUS","NC","28031",15,13,18,10500,"Q","INACTIVE","PERM LOCK",0,"FMMC","NAL MC",7823.89,23312.69,31136.58,30590.08,9,0,0,80,0,77,200,7823.89,23312.69,28.2727272727273,1329.787961,0,31136.58,277,"High","High"
111875,2021-10-23,"0",6000,2020-08-08 09:32:35,"BRONX","NY","10461",15,15,5,4200,"Z","UNLOCKED","UNLOCKED",0,"BPMC","NAP",3219.53,14515.24,17734.77,18785.11,40,0,0,79.9285714285714,0,107,487,3219.53,14515.24,37.9090909090909,812.24610287,0,17734.77,594,"High","High"
111892,2022-02-26,"0",6000,2020-08-12 08:47:02,"SHREVEPORT","LA","71107",7,7,3,6000,"I","BAD AGENCY","PERM LOCK",1,"FMMC","NAL MC",21721.9,1068,22789.9,29906.83,58,2456.71,6,65.9285714285714,696,91,5,21721.9,1068,46.2727272727273,4664.670232,0,22789.9,96,"High","High"
111905,2021-10-21,"0",5000,2020-08-13 08:39:34,"OAKLAND","CA","94606",7,7,10,5000,"Q","INACTIVE","PERM LOCK",1,"SWMC","NAP",13725.74,31481.64,45207.38,46585.59,33,0,0,77.3571428571429,684.2,201,311,13725.74,31481.64,38.7272727272727,6286.727103,0,45207.38,512,"High","High"
111911,2022-08-23,"0",88000,2020-08-13 08:39:34,"NORFOLK","VA","23502",30,14,10,88000,"Z","UNLOCKED","UNLOCKED",0,"BPMC","NAP",29933.61,0,29933.61,30067.32,13,0,0,75.7142857142857,841,395,0,29933.61,0,3,1279.89046745,0,29933.61,395,"High","High"
111922,2022-01-19,"0",12500,2020-08-14 08:37:09,"BASTROP","LA","71220",7,7,10,12500,"Z","UNLOCKED","UNLOCKED",0,"FMMC","NAL MC",42805.85,-3227.44,39578.41,43838.62,44,0,0,78.25,741.4,133,22,42805.85,-3227.44,32.0909090909091,4847.690019,0,39578.41,155,"High","High"
111926,2021-09-24,"0",7500,2020-08-14 08:37:09,"CLEVELAND","OH","44127",7,7,5,9400,"Z","UNLOCKED","UNLOCKED",0,"SWMC","NAP",67335.83,9136.62,76472.45,77351.51,58,0,0,0,671.8,1063,95,67335.83,9136.62,44.2727272727273,1213.800495,0,76472.45,1158,"High","High"
111931,2022-04-27,"0",4000,2020-08-15 09:33:01,"BATON ROUGE","LA","70818",7,5,7,2150,"Z","UNLOCKED","UNLOCKED",1,"BPMC","NAP",14441.13,621.58,15062.71,18959.07,45,0,0,76.5714285714286,599.8,222,5,14441.13,621.58,43.4545454545455,3091.50359704,0,15062.71,227,"High","High"
111942,2022-01-04,"0",27000,2020-08-18 09:36:07,"ROCKDALE","TX","76567",15,13,3,27000,"I","BAD AGENCY","PERM LOCK",1,"FMMC","NAL MC",5669.06,21971.78,27640.84,31586.85,8,0,0,70.4615384615385,0,62,41,5669.06,21971.78,46.9090909090909,23390.550741,19287.11,27640.84,103,"High","High"
111954,2022-12-01,"0",29500,2020-08-18 09:36:07,"JANESVILLE","WI","53545",30,14,10,29500,"Z","UNLOCKED","UNLOCKED",0,"CSMC","NAP",29471.16,3530.65,33001.81,33576.69,13,0,0,72.0714285714286,810,327,18,29471.16,3530.65,12.7272727272727,1161.730407,0,33001.81,345,"High","High"
111969,2022-01-29,"0",11000,2020-08-20 10:32:34,"SMITHFIELD","VA","23430",7,7,3,11000,"Z","UNLOCKED","UNLOCKED",0,"FMMC","NAL MC",56271.19,9109.11,65380.3,66238.78,57,0,0,80,793.2,176,40,56271.19,9109.11,12.7272727272727,2271.645491,0,65380.3,216,"High","High"
111973,2022-09-09,"0",8000,2020-08-20 10:32:34,"BRANDON","SD","57005",30,14,18,8000,"Z","UNLOCKED","UNLOCKED",0,"BPMC","NAP",27047.1,3908.64,30955.74,33035.81,14,0,0,78.7142857142857,0,505,17,27047.1,3908.64,13.7272727272727,634.69165088,0,30955.74,522,"High","High"
111974,2023-06-15,"0",6300,2020-08-20 10:32:34,"CARMEL","IN","46032",7,7,10,5090,"Z","UNLOCKED","UNLOCKED",1,"SWMC","NAP",24667.39,5019.2,29686.59,34841.29,55,0,0,74.8571428571429,628,519,33,24667.39,5019.2,43.8181818181818,3859.235287,0,29686.59,552,"High","High"
111986,2022-03-14,"0",26000,2020-08-21 08:39:43,"MODESTO","CA","95354",7,5,18,26000,"Z","UNLOCKED","UNLOCKED",1,"ARMC","NAP",10824.52,19.3,10843.82,11430.95,49,0,0,67.7857142857143,835.4,106,2,10824.52,19.3,21.0909090909091,823.988288,0,10843.82,108,"High","High"
111987,2021-11-03,"0",4500,2020-08-21 08:39:43,"FRESNO","CA","93722",15,14,18,2210,"Z","UNLOCKED","UNLOCKED",0,"ARMC","NAP",16090.45,370.11,16460.56,19580.39,24,682.55,1,79.3571428571429,0,292,1,16090.45,370.11,17,1835.437408,0,16460.56,293,"High","High"
111991,2022-10-06,"0",12000,2020-08-21 08:39:43,"WEST DES MOINES","IA","50266",7,15,5,7200,"Z","UNLOCKED","UNLOCKED",0,"CSMC","NAP",20608.06,4118.57,24726.63,25996.35,20,0,0,57.3571428571429,0,311,25,20608.06,4118.57,33.7272727272727,1294.62297,0,24726.63,336,"High","High"
111994,2022-06-01,"0",15000,2020-08-21 08:39:43,"KEOKUK","IA","52632",30,15,10,5000,"Z","UNLOCKED","UNLOCKED",0,"CSMC","NAP",35331.77,23668.75,59000.52,75960.7,19,0,0,73.8571428571429,745,438,87,35331.77,23668.75,46.5454545454545,7912.170498,0,59000.52,525,"High","High"
112003,2021-03-29,"0",500,2020-08-24 09:23:42,"JOLIET","IL","60436",15,14,7,2000,"I","BAD AGENCY","PERM LOCK",1,"BPMC","NAP",2145.86,11637.39,13783.25,15923.15,18,5923.13,4,0,0,35,133,2145.86,11637.39,49.3636363636364,1246.5534944,5221.51,13783.25,168,"High","High"
112009,2022-09-10,"0",23000,2020-08-25 08:37:11,"THOMASBORO","IL","61878",15,15,5,2000,"Z","UNLOCKED","UNLOCKED",0,"CSMC","NAP",20800.51,15711.03,36511.54,45709.29,24,0,0,72.5,664,286,164,20800.51,15711.03,48.0909090909091,6718.204369,0,36511.54,450,"High","High"
112010,2022-05-10,"0",3500,2020-08-25 08:37:11,"MILAN","IL","61264",15,15,10,3500,"I","BAD AGENCY","PERM LOCK",0,"CSMC","NAP",2311.41,2868.8,5180.21,7167.97,11,0,0,49.2142857142857,0,34,12,2311.41,2868.8,40.4545454545455,1272.010959,0,5180.21,46,"High","High"
112020,2021-10-20,"0",13000,2020-08-25 08:37:11,"ODENTON","MD","21113",15,14,7,13000,"Z","UNLOCKED","UNLOCKED",0,"BPMC","NAP",47145.24,68911.37,116056.61,138910.4,58,0,0,80,0,1237,449,47145.24,68911.37,28,17831.4913627,0,116056.61,1686,"High","High"
112030,2022-02-18,"0",8000,2020-08-26 08:59:29,"STONE MOUNTAIN","GA","30083",15,14,7,3000,"Z","UNLOCKED","UNLOCKED",1,"BPMC","NAP",3954.86,12019.93,15974.79,18146.31,29,0,0,75.2142857142857,743.4,96,17,3954.86,12019.93,26,3441.64933637,0,15974.79,113,"High","High"
112033,2022-07-11,"0",13000,2020-08-26 08:59:29,"BRONX","NY","10462",7,5,5,5000,"Z","UNLOCKED","UNLOCKED",0,"BPMC","NAP",17983.7,529.23,18512.93,25670.79,26,0,0,42.0714285714286,699.2,236,5,17983.7,529.23,31.5454545454545,5950.34530256,0,18512.93,241,"High","High"
112044,2022-02-03,"0",14500,2020-08-26 08:59:29,"JACKSONVILLE","NC","28546",30,15,10,23520,"I","BAD AGENCY","PERM LOCK",0,"SWMC","NAP",628.35,6982.85,7611.2,32820.64,7,0,0,74.8571428571429,692,10,32,628.35,6982.85,30,3638.553581,18085.88,7611.2,42,"High","High"
112045,2021-12-31,"0",13000,2020-08-26 08:59:29,"HOUSTON","TX","77054",30,14,5,6500,"Z","UNLOCKED","UNLOCKED",1,"FMMC","NAL MC",2077.94,7439.23,9517.17,10181.32,16,0,0,79.0714285714286,662.8,30,8,2077.94,7439.23,33.9090909090909,1767.805919,0,9517.17,38,"High","High"
112064,2021-10-15,"0",9500,2020-08-27 13:09:52,"NASHVILLE","TN","37219",7,7,5,1600,"Z","UNLOCKED","UNLOCKED",0,"BPMC","NAP",11575.53,6244.66,17820.19,19294.44,34,299.16,1,73.7857142857143,0,236,100,11575.53,6244.66,42.5454545454545,830.95398823,0,17820.19,336,"High","High"
112067,2021-09-27,"0",6500,2020-08-27 13:09:52,"INDIANAPOLIS","IN","46250",7,15,10,9100,"Z","UNLOCKED","UNLOCKED",0,"SWMC","NAP",58555.26,4373.63,62928.89,78223.53,21,0,0,0,0,393,110,58555.26,4373.63,39.3636363636364,4192.626124,0,62928.89,503,"High","High"
112070,2021-09-11,"0",63000,2020-08-27 13:09:52,"GAHANNA","OH","43230",15,15,5,40000,"Z","UNLOCKED","UNLOCKED",1,"SWMC","NAP",162933.15,124844.44,287777.59,312457.93,28,0,0,74.8571428571429,0,5019,436,162933.15,124844.44,39.7272727272727,17066.591426,0,287777.59,5455,"High","High"
112071,2022-08-08,"0",13000,2020-08-28 08:48:26,"BELLE PLAINE","KS","67013",30,14,10,15500,"Z","UNLOCKED","UNLOCKED",0,"CSMC","NAP",19058.34,1875.79,20934.13,26262.63,15,0,0,80,819.4,365,194,19058.34,1875.79,3,5705.973305,0,20934.13,559,"High","High"
112073,2021-10-29,"0",17000,2020-08-28 08:48:26,"SMYRNA","GA","30080",30,18,18,17000,"I","BAD AGENCY","PERM LOCK",0,"BPMC","NAP",5660.68,2776.91,8437.59,5250,4,0,0,44.9090909090909,0,12,5,5660.68,2776.91,35.5454545454545,4716.52634236,14216.07,8437.59,17,"High","High"
112075,2021-11-12,"0",29000,2020-08-28 08:48:26,"AVON","MA","02322",30,14,7,26300,"Z","UNLOCKED","UNLOCKED",1,"BPMC","NAP",31214.22,0,31214.22,35024.46,14,0,0,78,821.6,265,0,31214.22,0,18,1957.04503708,0,31214.22,265,"High","High"
112084,2022-12-05,"0",17500,2020-08-29 09:34:53,"CHESTER","VA","23836",7,7,10,17500,"A","Other","PERM LOCK",0,"FMMC","NAL MC",25378.72,613.18,25991.9,27825.4,17,0,0,77.6428571428571,804.5,100,19,25378.72,613.18,28.4545454545455,1284.041162,0,25991.9,119,"High","High"
112085,2022-07-07,"0",28000,2020-08-29 09:34:53,"LAGUNA NIGUEL","CA","92677",7,13,5,28000,"Z","UNLOCKED","UNLOCKED",1,"FMMC","NAL MC",28462.61,170064.08,198526.69,234461.55,25,0,0,70.0714285714286,0,332,179,28462.61,170064.08,48.1818181818182,27285.070963,0,198526.69,511,"High","High"
112088,2022-10-06,"0",7000,2020-08-29 09:34:53,"LINCOLN","NE","68505",7,7,5,7000,"Z","UNLOCKED","UNLOCKED",1,"CSMC","NAP",105084.77,6473.74,111558.51,118407.55,57,0,0,76.3636363636364,686.4,3133,81,105084.77,6473.74,31,4820.006018,0,111558.51,3214,"High","High"
112095,2022-03-26,"0",19000,2020-09-01 08:44:50,"HOUSTON","TX","77014",7,5,18,9500,"Z","UNLOCKED","UNLOCKED",0,"BPMC","NAP",888.7,1492.38,2381.08,4872.14,17,0,0,80,650.4,28,19,888.7,1492.38,24.0909090909091,2521.76057917,0,2381.08,47,"High","High"
112101,2023-06-28,"0",70000,2020-09-02 08:36:52,"DORAL","FL","33166",30,18,18,70000,"Z","UNLOCKED","UNLOCKED",0,"BPMC","NAP",89392.28,1198.94,90591.22,90822.63,22,0,0,76.6428571428571,0,1206,63,89392.28,1198.94,12,2456.00718486,0,90591.22,1269,"High","High"
112102,2021-10-26,"0",31000,2020-09-02 08:36:52,"MILTON","WV","25541",15,14,7,36000,"Q","INACTIVE","PERM LOCK",0,"BPMC","NAP",955.05,31503.84,32458.89,34873.3,10,0,0,58.0714285714286,0,7,6,955.05,31503.84,55.7272727272727,9126.23255043,0,32458.89,13,"High","High"
112114,2023-03-04,"0",3500,2020-09-02 08:36:52,"RICHMOND HILL","GA","31324",30,14,7,3500,"Z","UNLOCKED","UNLOCKED",0,"SWMC","NAP",2765.77,22.84,2788.61,2650,13,0,0,0,0,63,8,2765.77,22.84,12,1503.468444,0,2788.61,71,"High","High"
112115,2022-02-27,"0",35000,2020-09-02 08:36:52,"FORNEY","TX","75126",30,21,18,35000,"Z","UNLOCKED","UNLOCKED",0,"FMMC","NAL MC",182066.77,195410.46,377477.23,394757.21,26,0,0,80,717,2631,987,182066.77,195410.46,37,31945.050374,0,377477.23,3618,"High","High"
112117,2022-04-08,"0",12000,2020-09-03 08:57:00,"HENDERSON","NC","27536",15,15,10,12000,"Z","UNLOCKED","UNLOCKED",0,"SWMC","NAP",36328.56,0,36328.56,40497.32,31,0,0,77,0,485,0,36328.56,0,3.72727272727273,2037.483342,0,36328.56,485,"High","High"
112119,2022-09-08,"0",27500,2020-09-03 08:57:00,"KISSIMMEE","FL","34759",30,21,7,27500,"I","BAD AGENCY","PERM LOCK",0,"FMMC","NAL MC",154.88,13870.92,14025.8,11810.29,3,0,0,60.3636363636364,620.5,6,58,154.88,13870.92,42,9023.70795,9489.7,14025.8,64,"High","High"
112128,2022-03-12,"0",17500,2020-09-03 08:57:00,"LAKE WORTH","FL","33467",7,7,3,17500,"S","S-LOCK","TEMP LOCK",0,"BPMC","NAP",51443.31,27289.82,78733.13,84004.63,50,0,0,79.7857142857143,770.8,331,194,51443.31,27289.82,18.9090909090909,6820.24814718,0,78733.13,525,"High","High"
112140,2022-06-09,"0",4500,2020-09-04 08:28:15,"BALDWIN PARK","CA","91706",30,15,10,2000,"Z","UNLOCKED","UNLOCKED",0,"ARMC","NAP",4506.54,0,4506.54,5383.62,15,0,0,80,806,36,0,4506.54,0,25,1648.26802,0,4506.54,36,"High","High"
112172,2021-12-15,"0",12500,2020-09-08 08:46:42,"NEWARK","NJ","07104",7,7,10,15000,"Z","UNLOCKED","UNLOCKED",0,"BPMC","NAP",1730.18,161.9,1892.08,3063.34,49,0,0,80,0,34,4,1730.18,161.9,21.1818181818182,1535.42584174,0,1892.08,38,"High","High"
112173,2022-03-27,"0",3500,2020-09-08 08:46:42,"TENNESSEE","IL","62374",7,7,3,5000,"I","BAD AGENCY","PERM LOCK",1,"FMMC","NAL MC",0,3073.45,3073.45,4090.21,5,0,0,69.7142857142857,609.5,0,4,0,3073.45,35.6363636363636,1646.8068,0,3073.45,4,"High","High"
112177,2022-09-07,"0",12000,2020-09-08 08:46:42,"LEES SUMMIT","MO","64082",15,15,10,12000,"I","BAD AGENCY","PERM LOCK",0,"CSMC","NAP",7107.77,9875.52,16983.29,21500,5,0,0,52.5,0,95,17,7107.77,9875.52,42.6363636363636,10939.187906,7118.11,16983.29,112,"High","High"
112187,2022-01-29,"0",15500,2020-09-11 08:35:24,"AKRON","OH","44313",7,7,5,15500,"Z","UNLOCKED","UNLOCKED",1,"SWMC","NAP",26834.61,15625.6,42460.21,47751.19,59,0,0,77.4285714285714,658.8,255,96,26834.61,15625.6,38.1818181818182,9176.929556,0,42460.21,351,"High","High"
112188,2022-02-09,"0",5500,2020-09-11 08:35:24,"DETROIT","MI","48235",30,14,7,2500,"I","BAD AGENCY","PERM LOCK",1,"SWMC","NAP",0,2278.35,2278.35,3273.09,6,1373.09,1,69.4545454545455,625,0,10,0,2278.35,36,798.246698,1563.43,2278.35,10,"High","High"
112197,2023-01-20,"0",10500,2020-09-11 08:35:24,"TARA","ON","N0H2N0",7,7,5,10500,"Z","UNLOCKED","UNLOCKED",1,"HSMC","NAP",70259.66,31971.39,102231.05,110075.51,47,0,0,0,0,88,21,70259.66,31971.39,47.9090909090909,4028.2611685,0,102231.05,109,"High","High"
112207,2022-01-05,"0",7000,2020-09-11 08:35:24,"ELLENWOOD","GA","30294",15,13,7,7000,"I","BAD AGENCY","PERM LOCK",1,"FMMC","NAL MC",1049.33,2021.37,3070.7,4135.59,2,0,0,51.8181818181818,611,22,28,1049.33,2021.37,34.2727272727273,1649.288428,5599.98,3070.7,50,"High","High"
112209,2022-01-05,"0",10000,2020-09-11 08:35:24,"TORRINGTON","WY","82240",15,13,7,22500,"I","BAD AGENCY","PERM LOCK",0,"FMMC","NAL MC",157.54,74.99,232.53,0,0,0,0,66.7272727272727,722.5,2,1,157.54,74.99,40.1818181818182,12604.399324,14167.205,232.53,3,"High","High"
112210,2023-05-22,"0",11000,2020-09-11 08:35:24,"WHITEVILLE","NC","28472",30,15,18,11000,"Z","UNLOCKED","UNLOCKED",0,"FMMC","NAL MC",3918.76,115.16,4033.92,4865.79,13,0,0,79.2857142857143,831.4,38,4,3918.76,115.16,3,1583.409058,0,4033.92,42,"High","High"
112217,2022-03-25,"0",7500,2020-09-11 08:35:24,"PITTSBURG","IL","62974",15,14,7,1850,"I","BAD AGENCY","PERM LOCK",1,"BPMC","NAP",4730.62,13393.93,18124.55,16664.68,9,0,0,64.4615384615385,619,109,32,4730.62,13393.93,47.9090909090909,5726.89638494,7570.58,18124.55,141,"High","High"
112220,2021-12-04,"0",3500,2020-09-11 08:35:24,"CLEVELAND","OH","44120",15,14,18,3500,"I","BAD AGENCY","PERM LOCK",1,"BPMC","NAP",0,2270.89,2270.89,750,1,0,0,47.0909090909091,597,0,16,0,2270.89,35.1818181818182,2556.22694732,4225.4,2270.89,16,"High","High"
112224,2022-09-08,"0",5500,2020-09-11 08:35:24,"WEST PLAINS","MO","65775",15,15,3,1200,"G","OVERDUE","PERM LOCK",1,"CSMC","NAP",10274.39,9356.82,19631.21,22363.83,18,0,0,66.7857142857143,681,146,52,10274.39,9356.82,32.4545454545455,4740.99348,0,19631.21,198,"High","High"
112235,2023-02-02,"0",5000,2020-09-12 09:28:02,"ATLANTA","GA","30315",7,7,10,5000,"Z","UNLOCKED","UNLOCKED",0,"SWMC","NAP",3313.88,1011.7,4325.58,4880.04,52,0,0,79.7857142857143,679,107,30,3313.88,1011.7,41.3636363636364,1207.760024,0,4325.58,137,"High","High"
112241,2021-12-24,"0",3500,2020-09-12 09:28:02,"UNION","NJ","07083",7,5,5,1800,"G","OVERDUE","PERM LOCK",0,"BPMC","NAP",6262.92,0,6262.92,11185.66,13,0,0,74.1428571428571,759.6,94,0,6262.92,0,44.1818181818182,8242.75338,0,6262.92,94,"High","High"
112243,2022-11-16,"0",20500,2020-09-12 09:28:02,"SUMTER","SC","29153",15,16,18,14350,"Z","UNLOCKED","UNLOCKED",0,"BPMC","NAP",2772.55,19214.95,21987.5,22471.7,11,0,0,72,0,42,40,2772.55,19214.95,28.9090909090909,2991.54294954,0,21987.5,82,"High","High"
112245,2022-01-29,"0",3500,2020-09-15 08:37:24,"MADISON","WI","53562",30,15,3,3500,"I","BAD AGENCY","PERM LOCK",1,"BPMC","NAP",166.01,2629.21,2795.22,1712.35,5,200,1,29.8888888888889,592,4,24,166.01,2629.21,40.5454545454545,2073.88512912,2535.29,2795.22,28,"High","High"
112251,2022-01-19,"0",26000,2020-09-15 08:37:24,"CHARLOTTE HALL","MD","20622",7,7,10,26000,"Z","UNLOCKED","UNLOCKED",1,"FMMC","NAL MC",103679.53,47618.47,151298,168941.22,58,0,0,80,755.8,664,399,103679.53,47618.47,35.3636363636364,13473.467878,0,151298,1063,"High","High"
112259,2023-02-15,"0",6000,2020-09-15 08:37:24,"MOBILE","AL","36619",7,7,10,6000,"I","BAD AGENCY","PERM LOCK",1,"SWMC","NAP",426.35,2204.81,2631.16,1926.68,6,0,0,66.9285714285714,632,6,43,426.35,2204.81,33.9090909090909,6163.22424,4424.39,2631.16,49,"High","High"
112265,2021-12-17,"0",29500,2020-09-16 08:42:16,"BOCA RATON","FL","33431",30,14,5,40000,"P","PAYMENT PLAN","PERM LOCK",0,"BPMC","NAP",41822.58,289395.1,331217.68,276963.49,121,0,0,78.7857142857143,755,896,897,41822.58,289395.1,43,103990.37095424,0,331217.68,1793,"High","High"
112266,2022-05-17,"0",45000,2020-09-16 08:42:16,"HARRINGTON","DE","19952",7,7,5,45000,"Z","UNLOCKED","UNLOCKED",0,"FMMC","NAL MC",3804.25,498260.33,502064.58,515316.06,59,0,0,79.4285714285714,822.4,29,1323,3804.25,498260.33,37,8428.899026,0,502064.58,1352,"High","High"
112269,2022-01-20,"0",4000,2020-09-16 08:42:16,"SLATON","TX","79364",30,21,18,6000,"Z","UNLOCKED","UNLOCKED",0,"FMMC","NAL MC",37.99,2227.37,2265.36,4215.36,12,280,2,80,666.6,1,15,37.99,2227.37,15.3636363636364,1885.656724,0,2265.36,16,"High","High"
112271,2022-02-17,"0",4500,2020-09-16 08:42:16,"LAKEVILLE","MA","02347",15,13,7,4500,"S","S-LOCK","TEMP LOCK",0,"FMMC","NAL MC",5350.35,0,5350.35,8025.65,15,0,0,75,0,84,0,5350.35,0,40.3636363636364,4253.335488,0,5350.35,84,"High","High"
112275,2022-03-09,"0",5000,2020-09-16 08:42:16,"BEAVERCREEK","OH","45431",15,15,10,5000,"Z","UNLOCKED","UNLOCKED",0,"SWMC","NAP",38364.64,0,38364.64,45463.44,40,0,0,0,798.8,749,0,38364.64,0,14,3367.36,0,38364.64,749,"High","High"
112277,2023-10-25,"0",20000,2020-09-16 08:42:16,"PRINCETON","IL","61356",30,14,10,20000,"Z","UNLOCKED","UNLOCKED",0,"CSMC","NAP",4729.95,115.07,4845.02,5097.36,12,0,0,78.7142857142857,725.8,108,1,4729.95,115.07,10.2727272727273,723.675556,0,4845.02,109,"High","High"
112283,2021-12-10,"0",10000,2020-09-17 08:50:05,"HAPEVILLE","GA","30354",30,14,5,12500,"G","OVERDUE","PERM LOCK",1,"BPMC","NAP",23272.68,42968.92,66241.6,83496.03,25,0,0,74.9285714285714,675.2,398,36,23272.68,42968.92,33.7272727272727,35283.21173744,0,66241.6,434,"High","High"
112301,2022-04-09,"0",9500,2020-09-17 08:50:05,"GOLD RIVER","CA","95670",15,14,10,15000,"Z","UNLOCKED","UNLOCKED",0,"ARMC","NAP",148999.29,24030.97,173030.26,199061.91,31,0,0,79.2857142857143,0,2886,414,148999.29,24030.97,36.0909090909091,48693.692526,0,173030.26,3300,"High","High"
112303,2021-11-16,"0",5000,2020-09-17 08:50:05,"ROCKLIN","CA","95677",7,5,5,1200,"Z","UNLOCKED","UNLOCKED",1,"ARMC","NAP",21853.17,17,21870.17,24864.49,42,250,1,79.7142857142857,631,575,2,21853.17,17,48.3636363636364,5720.216822,0,21870.17,577,"High","High"
112306,2022-01-27,"0",7500,2020-09-18 08:39:33,"RUSH","NY","14543",15,15,10,9000,"I","BAD AGENCY","PERM LOCK",1,"SWMC","NAP",47.3,1545.99,1593.29,1000,1,0,0,49,701,1,3,47.3,1545.99,39.0909090909091,5140.802764,8357.59,1593.29,4,"High","High"
112329,2022-04-16,"0",6500,2020-09-19 09:33:42,"GORDO","AL","35466",30,15,10,6500,"Z","UNLOCKED","UNLOCKED",0,"FMMC","NAL MC",3479.69,2.64,3482.33,4259.3,15,0,0,80,790.6,87,2,3479.69,2.64,25,1928.245382,0,3482.33,89,"High","High"
112335,2022-01-26,"0",12000,2020-09-19 09:33:42,"CORONA","CA","92883",7,7,3,12000,"Z","UNLOCKED","UNLOCKED",0,"FMMC","NAL MC",20633.26,3486.23,24119.49,26240.02,49,0,0,80,808.6,109,15,20633.26,3486.23,32.7272727272727,3773.031918,0,24119.49,124,"High","High"
112347,2022-01-20,"0",3500,2020-09-22 08:53:30,"LAKE ELSINORE","CA","92532",15,13,7,4200,"Z","UNLOCKED","UNLOCKED",1,"FMMC","NAL MC",31540.08,20281.11,51821.19,67987.35,22,0,0,66.7142857142857,654,389,193,31540.08,20281.11,45.8181818181818,21388.041872,0,51821.19,582,"High","High"
112348,2022-03-04,"0",3500,2020-09-22 08:53:30,"LAKE MARY","FL","32746",15,13,10,1900,"Z","UNLOCKED","UNLOCKED",1,"FMMC","NAL MC",12156.11,2652.64,14808.75,18688.58,33,0,0,78.8571428571429,686.6,213,37,12156.11,2652.64,28.7272727272727,5674.497294,0,14808.75,250,"High","High"
112353,2022-04-07,"0",7500,2020-09-22 08:53:30,"BURLINGTON","NC","27217",7,7,10,7500,"Z","UNLOCKED","UNLOCKED",1,"SWMC","NAP",9260.08,0,9260.08,9718.77,16,0,0,79.9285714285714,0,31,0,9260.08,0,25.3636363636364,1091.95112,0,9260.08,31,"High","High"
112355,2022-09-28,"0",44500,2020-09-23 08:36:54,"NOBLESVILLE","IN","46060",30,14,5,5000,"Z","UNLOCKED","UNLOCKED",0,"SWMC","NAP",26556.55,5313.86,31870.41,34565.46,14,0,0,78.2857142857143,663,188,11,26556.55,5313.86,40.8181818181818,5366.38987,0,31870.41,199,"High","High"
112356,2022-03-09,"0",15500,2020-09-23 08:36:54,"CHARLOTTE","NC","28277",30,14,10,32000,"I","BAD AGENCY","PERM LOCK",0,"SWMC","NAP",20323.74,33521.29,53845.03,50021.87,6,0,0,69.6923076923077,0,62,374,20323.74,33521.29,45.7272727272727,17076.140064,22558.84,53845.03,436,"High","High"
112359,2022-02-05,"0",4000,2020-09-23 08:36:54,"JACKSON","TN","38301",15,13,3,200,"Z","UNLOCKED","UNLOCKED",0,"FMMC","NAL MC",141.21,4579.97,4721.18,7325.66,6,0,0,0,0,2,13,141.21,4579.97,36.0909090909091,2564.959704,50,4721.18,15,"High","High"
112366,2022-12-01,"0",105000,2020-09-23 08:36:54,"JENKS","OK","74037",7,7,10,105000,"A","Other","PERM LOCK",0,"FMMC","NAL MC",276562.77,165635.53,442198.3,434507.78,43,0,0,69.2857142857143,0,2776,267,276562.77,165635.53,33.9090909090909,28948.206518,0,442198.3,3043,"High","High"
112369,2021-12-06,"0",10000,2020-09-23 08:36:54,"ORLANDO","FL","32806",30,14,7,10000,"P","PAYMENT PLAN","PERM LOCK",0,"BPMC","NAP",0,5782.51,5782.51,7362.29,9,0,0,46.9285714285714,0,0,22,0,5782.51,44.7272727272727,751.25006578,0,5782.51,22,"High","High"
112375,2022-03-15,"0",13500,2020-09-24 08:36:56,"ELDERSBURG","MD","21784",7,5,3,10200,"A","Other","PERM LOCK",0,"BPMC","NAP",91496.98,29165.61,120662.59,147048.03,51,0,0,61.9230769230769,773.666666666667,241,114,91496.98,29165.61,34.9090909090909,4172.37584556,10,120662.59,355,"High","High"
112379,2022-02-22,"0",5000,2020-09-24 08:36:56,"SHELBYVILLE","TN","37160",7,7,10,5000,"Z","UNLOCKED","UNLOCKED",1,"FMMC","NAL MC",44878.03,7582.73,52460.76,54792.12,57,0,0,80,0,507,69,44878.03,7582.73,24.0909090909091,2540.770211,0,52460.76,576,"High","High"
112386,2022-01-15,"0",6500,2020-09-25 08:37:05,"TYLER","TX","75701",7,13,18,7050,"Z","UNLOCKED","UNLOCKED",1,"FMMC","NAL MC",60216.09,1211.56,61427.65,69894.95,22,0,0,78,748,284,13,60216.09,1211.56,12.9090909090909,7096.1316,0,61427.65,297,"High","High"
112403,2022-12-07,"0",5500,2020-09-26 09:28:04,"ELIZABETH","NJ","07208",30,14,10,6875,"P","PAYMENT PLAN","PERM LOCK",0,"BPMC","NAP",13556.75,10595.79,24152.54,31840.5,33,0,0,77.6428571428571,811,274,9,13556.75,10595.79,32.9090909090909,5248.34483087,0,24152.54,283,"High","High"
112412,2022-05-14,"0",4000,2020-09-29 08:45:58,"PALMER","AK","99645",0,15,10,450,"G","OVERDUE","PERM LOCK",0,"FMMC","NAL MC",2894.72,3468.96,6363.68,10950.11,15,0,0,71.2857142857143,754.666666666667,48,39,2894.72,3468.96,31.8181818181818,3590.101313,0,6363.68,87,"High","High"
112437,2022-01-12,"0",7500,2020-09-30 09:54:42,"DURHAM","NC","27703",7,13,5,10500,"Z","UNLOCKED","UNLOCKED",1,"FMMC","NAL MC",759.75,72310.99,73070.74,82969.67,25,0,0,80,0,16,115,759.75,72310.99,37.9090909090909,2601.628762,0,73070.74,131,"High","High"
112442,2022-05-05,"0",38500,2020-09-30 09:54:42,"COMMACK","NY","11725",7,7,10,38500,"Z","UNLOCKED","UNLOCKED",0,"SWMC","NAP",583655.1,2426.25,586081.35,612206.96,59,0,0,80,743,1614,125,583655.1,2426.25,5.27272727272727,15941.785934,0,586081.35,1739,"High","High"
112443,2021-12-27,"0",26000,2020-09-30 09:54:42,"MIAMI","FL","33173",30,21,18,970,"G","OVERDUE","PERM LOCK",0,"ARMC","NAP",184.24,3809.62,3993.86,4778.91,22,0,0,79.6428571428571,667.4,4,40,184.24,3809.62,25.8181818181818,1068.742013,0,3993.86,44,"High","High"
112448,2022-03-11,"0",31000,2020-09-30 09:54:42,"MARIETTA","GA","30066",7,5,3,31000,"I","BAD AGENCY","PERM LOCK",1,"BPMC","NAP",25,6176.83,6201.83,2586.21,3,0,0,74.2142857142857,615.25,2,12,25,6176.83,26.5454545454545,3638.48025229,0,6201.83,14,"High","High"
112449,2022-02-11,"0",61500,2020-09-30 09:54:42,"FRESNO","CA","93721",30,14,18,46500,"G","OVERDUE","PERM LOCK",0,"BPMC","NAP",190122.05,133936.99,324059.04,329969.19,13,0,0,78.9285714285714,713.4,1974,410,190122.05,133936.99,50.1818181818182,48884.37993578,0,324059.04,2384,"High","High"
112450,2022-09-12,"0",69500,2020-10-01 08:51:47,"PURVIS","MS","39475",15,13,5,19500,"Z","UNLOCKED","UNLOCKED",0,"FMMC","NAL MC",204684.2,44850.72,249534.92,273976.52,28,0,0,73.7142857142857,0,3817,520,204684.2,44850.72,38.4545454545455,10043.393888,0,249534.92,4337,"High","High"
112458,2021-12-18,"0",6500,2020-10-01 08:51:47,"LEES SUMMIT","MO","64086",7,5,7,6500,"I","BAD AGENCY","PERM LOCK",1,"BPMC","NAP",0,7280.26,7280.26,1815.44,6,0,0,78.6428571428571,675.25,0,15,0,7280.26,34.2727272727273,2301.26798198,0,7280.26,15,"High","High"
112460,2022-01-05,"0",3000,2020-10-01 08:51:47,"ROCKFORD","IL","61107",15,13,7,500,"I","BAD AGENCY","PERM LOCK",1,"FMMC","NAL MC",109.33,964.89,1074.22,3168.14,2,0,0,65.9166666666667,603.5,2,3,109.33,964.89,39.3636363636364,673.60139,1374.46,1074.22,5,"High","High"
112463,2023-01-19,"0",17000,2020-10-01 08:51:47,"SAINT LOUIS","MO","63119",30,15,10,17000,"P","PAYMENT PLAN","PERM LOCK",0,"FMMC","NAL MC",2726.94,21757.66,24484.6,23537.16,15,1000,1,78.0714285714286,0,84,142,2726.94,21757.66,45.9090909090909,8854.415271,0,24484.6,226,"High","High"
112476,2022-04-14,"0",4000,2020-10-02 10:15:50,"MARIETTA","GA","30062",30,14,10,4000,"I","BAD AGENCY","PERM LOCK",1,"SWMC","NAP",5597.49,443.79,6041.28,11239.11,5,5645.34,2,60.5833333333333,702,153,15,5597.49,443.79,45.3636363636364,1620.624427,4628.36,6041.28,168,"High","High"
112481,2022-01-28,"0",55500,2020-10-02 10:15:50,"CHIEFLAND","FL","32626",15,13,3,10220,"Z","UNLOCKED","UNLOCKED",0,"FMMC","NAL MC",39135.31,33217.19,72352.5,88289.62,32,0,0,65.7142857142857,745.6,414,106,39135.31,33217.19,44,17492.448294,0,72352.5,520,"High","High"
112486,2022-07-22,"0",5000,2020-10-02 10:15:50,"BROOKLYN","NY","11234",7,7,18,5000,"Z","UNLOCKED","UNLOCKED",0,"BPMC","NAP",36827.99,7.07,36835.06,39087.6,56,0,0,80,800.2,678,1,36827.99,7.07,3,1069.2180282,0,36835.06,679,"High","High"
112491,2022-02-11,"0",5500,2020-10-02 10:15:50,"PHILADELPHIA","PA","19154",30,14,5,2220,"Z","UNLOCKED","UNLOCKED",1,"BPMC","NAP",16134.43,0,16134.43,20286.59,12,0,0,0,669,173,0,16134.43,0,46,3026.20951982,0,16134.43,173,"High","High"
112494,2021-12-13,"0",4500,2020-10-02 10:15:50,"NEWARK","NJ","07114",15,14,10,3500,"Z","UNLOCKED","UNLOCKED",0,"BPMC","NAP",8735.48,0,8735.48,9529.19,8,0,0,78.2142857142857,0,118,0,8735.48,0,20.7272727272727,1265.003472,0,8735.48,118,"High","High"
112502,2022-01-05,"0",4000,2020-10-03 09:33:04,"VANCOUVER","WA","98683",30,15,10,4000,"Z","UNLOCKED","UNLOCKED",0,"FMMC","NAL MC",9278.09,847.02,10125.11,16047.57,37,0,0,80,747,156,11,9278.09,847.02,26.5454545454545,3568.792792,0,10125.11,167,"High","High"
112507,2022-05-26,"0",3500,2020-10-06 08:50:40,"CLARKSVILLE","AR","72830",30,14,5,3500,"Z","UNLOCKED","UNLOCKED",1,"CSMC","NAP",282.29,11251.39,11533.68,14784.36,15,0,0,70.7857142857143,0,5,17,282.29,11251.39,35.4545454545455,2461.895603,0,11533.68,22,"High","High"
112517,2022-10-27,"0",17500,2020-10-06 08:50:40,"HONOLULU","HI","96815",30,14,10,17500,"Z","UNLOCKED","UNLOCKED",0,"SWMC","NAP",34543.92,621.51,35165.43,43697.21,15,0,0,73.6363636363636,0,409,3,34543.92,621.51,16.6363636363636,6300.369399,0,35165.43,412,"High","High"
